system:index,AOD,date,lat,lon,name,.geo
0_8,0.372,2024-01-09,-6.19466,106.8235,bundaran_hi,"{""type"":""Point"",""coordinates"":[106.8235,-6.194659999999999]}"
0_32,0.445,2024-02-02,-6.19466,106.8235,bundaran_hi,"{""type"":""Point"",""coordinates"":[106.8235,-6.194659999999999]}"
0_38,0.17400000000000002,2024-02-08,-6.19466,106.8235,bundaran_hi,"{""type"":""Point"",""coordinates"":[106.8235,-6.194659999999999]}"
0_50,0.579,2024-02-20,-6.19466,106.8235,bundaran_hi,"{""type"":""Point"",""coordinates"":[106.8235,-6.194659999999999]}"
0_52,0.167,2024-02-22,-6.19466,106.8235,bundaran_hi,"{""type"":""Point"",""coordinates"":[106.8235,-6.194659999999999]}"
0_78,0.182,2024-03-19,-6.19466,106.8235,bundaran_hi,"{""type"":""Point"",""coordinates"":[106.8235,-6.194659999999999]}"
0_79,0.029,2024-03-20,-6.19466,106.8235,bundaran_hi,"{""type"":""Point"",""coordinates"":[106.8235,-6.194659999999999]}"
0_82,0.443,2024-03-23,-6.19466,106.8235,bundaran_hi,"{""type"":""Point"",""coordinates"":[106.8235,-6.194659999999999]}"
0_84,0.457,2024-03-25,-6.19466,106.8235,bundaran_hi,"{""type"":""Point"",""coordinates"":[106.8235,-6.194659999999999]}"
0_97,0.511,2024-04-07,-6.19466,106.8235,bundaran_hi,"{""type"":""Point"",""coordinates"":[106.8235,-6.194659999999999]}"
0_98,0.439,2024-04-08,-6.19466,106.8235,bundaran_hi,"{""type"":""Point"",""coordinates"":[106.8235,-6.194659999999999]}"
0_112,0.366,2024-04-22,-6.19466,106.8235,bundaran_hi,"{""type"":""Point"",""coordinates"":[106.8235,-6.194659999999999]}"
0_116,0.56,2024-04-26,-6.19466,106.8235,bundaran_hi,"{""type"":""Point"",""coordinates"":[106.8235,-6.194659999999999]}"
0_119,0.432,2024-04-29,-6.19466,106.8235,bundaran_hi,"{""type"":""Point"",""coordinates"":[106.8235,-6.194659999999999]}"
0_124,1.448,2024-05-04,-6.19466,106.8235,bundaran_hi,"{""type"":""Point"",""coordinates"":[106.8235,-6.194659999999999]}"
0_126,1.281,2024-05-06,-6.19466,106.8235,bundaran_hi,"{""type"":""Point"",""coordinates"":[106.8235,-6.194659999999999]}"
0_127,0.8260000000000001,2024-05-07,-6.19466,106.8235,bundaran_hi,"{""type"":""Point"",""coordinates"":[106.8235,-6.194659999999999]}"
0_128,1.48,2024-05-08,-6.19466,106.8235,bundaran_hi,"{""type"":""Point"",""coordinates"":[106.8235,-6.194659999999999]}"
0_131,0.836,2024-05-11,-6.19466,106.8235,bundaran_hi,"{""type"":""Point"",""coordinates"":[106.8235,-6.194659999999999]}"
0_132,0.418,2024-05-12,-6.19466,106.8235,bundaran_hi,"{""type"":""Point"",""coordinates"":[106.8235,-6.194659999999999]}"
0_139,1.8860000000000001,2024-05-19,-6.19466,106.8235,bundaran_hi,"{""type"":""Point"",""coordinates"":[106.8235,-6.194659999999999]}"
0_141,1.619,2024-05-21,-6.19466,106.8235,bundaran_hi,"{""type"":""Point"",""coordinates"":[106.8235,-6.194659999999999]}"
0_147,0.97,2024-05-27,-6.19466,106.8235,bundaran_hi,"{""type"":""Point"",""coordinates"":[106.8235,-6.194659999999999]}"
0_157,0.66,2024-06-06,-6.19466,106.8235,bundaran_hi,"{""type"":""Point"",""coordinates"":[106.8235,-6.194659999999999]}"
0_158,0.552,2024-06-07,-6.19466,106.8235,bundaran_hi,"{""type"":""Point"",""coordinates"":[106.8235,-6.194659999999999]}"
0_159,0.603,2024-06-08,-6.19466,106.8235,bundaran_hi,"{""type"":""Point"",""coordinates"":[106.8235,-6.194659999999999]}"
0_161,0.867,2024-06-10,-6.19466,106.8235,bundaran_hi,"{""type"":""Point"",""coordinates"":[106.8235,-6.194659999999999]}"
0_168,0.742,2024-06-17,-6.19466,106.8235,bundaran_hi,"{""type"":""Point"",""coordinates"":[106.8235,-6.194659999999999]}"
0_171,0.47600000000000003,2024-06-20,-6.19466,106.8235,bundaran_hi,"{""type"":""Point"",""coordinates"":[106.8235,-6.194659999999999]}"
0_172,0.55,2024-06-21,-6.19466,106.8235,bundaran_hi,"{""type"":""Point"",""coordinates"":[106.8235,-6.194659999999999]}"
0_177,0.293,2024-06-26,-6.19466,106.8235,bundaran_hi,"{""type"":""Point"",""coordinates"":[106.8235,-6.194659999999999]}"
0_181,0.364,2024-06-30,-6.19466,106.8235,bundaran_hi,"{""type"":""Point"",""coordinates"":[106.8235,-6.194659999999999]}"
0_184,0.616,2024-07-03,-6.19466,106.8235,bundaran_hi,"{""type"":""Point"",""coordinates"":[106.8235,-6.194659999999999]}"
0_189,0.233,2024-07-08,-6.19466,106.8235,bundaran_hi,"{""type"":""Point"",""coordinates"":[106.8235,-6.194659999999999]}"
0_192,0.653,2024-07-11,-6.19466,106.8235,bundaran_hi,"{""type"":""Point"",""coordinates"":[106.8235,-6.194659999999999]}"
0_193,0.749,2024-07-12,-6.19466,106.8235,bundaran_hi,"{""type"":""Point"",""coordinates"":[106.8235,-6.194659999999999]}"
0_194,0.422,2024-07-13,-6.19466,106.8235,bundaran_hi,"{""type"":""Point"",""coordinates"":[106.8235,-6.194659999999999]}"
0_195,0.537,2024-07-14,-6.19466,106.8235,bundaran_hi,"{""type"":""Point"",""coordinates"":[106.8235,-6.194659999999999]}"
0_197,0.481,2024-07-16,-6.19466,106.8235,bundaran_hi,"{""type"":""Point"",""coordinates"":[106.8235,-6.194659999999999]}"
0_199,0.908,2024-07-18,-6.19466,106.8235,bundaran_hi,"{""type"":""Point"",""coordinates"":[106.8235,-6.194659999999999]}"
0_201,0.457,2024-07-20,-6.19466,106.8235,bundaran_hi,"{""type"":""Point"",""coordinates"":[106.8235,-6.194659999999999]}"
0_202,0.717,2024-07-21,-6.19466,106.8235,bundaran_hi,"{""type"":""Point"",""coordinates"":[106.8235,-6.194659999999999]}"
0_209,1.197,2024-07-28,-6.19466,106.8235,bundaran_hi,"{""type"":""Point"",""coordinates"":[106.8235,-6.194659999999999]}"
0_210,0.8210000000000001,2024-07-29,-6.19466,106.8235,bundaran_hi,"{""type"":""Point"",""coordinates"":[106.8235,-6.194659999999999]}"
0_212,0.585,2024-07-31,-6.19466,106.8235,bundaran_hi,"{""type"":""Point"",""coordinates"":[106.8235,-6.194659999999999]}"
0_214,0.906,2024-08-02,-6.19466,106.8235,bundaran_hi,"{""type"":""Point"",""coordinates"":[106.8235,-6.194659999999999]}"
0_216,0.383,2024-08-04,-6.19466,106.8235,bundaran_hi,"{""type"":""Point"",""coordinates"":[106.8235,-6.194659999999999]}"
0_218,0.391,2024-08-06,-6.19466,106.8235,bundaran_hi,"{""type"":""Point"",""coordinates"":[106.8235,-6.194659999999999]}"
0_219,1.034,2024-08-07,-6.19466,106.8235,bundaran_hi,"{""type"":""Point"",""coordinates"":[106.8235,-6.194659999999999]}"
0_221,0.391,2024-08-09,-6.19466,106.8235,bundaran_hi,"{""type"":""Point"",""coordinates"":[106.8235,-6.194659999999999]}"
0_222,0.5690000000000001,2024-08-10,-6.19466,106.8235,bundaran_hi,"{""type"":""Point"",""coordinates"":[106.8235,-6.194659999999999]}"
0_224,0.793,2024-08-12,-6.19466,106.8235,bundaran_hi,"{""type"":""Point"",""coordinates"":[106.8235,-6.194659999999999]}"
0_226,0.438,2024-08-14,-6.19466,106.8235,bundaran_hi,"{""type"":""Point"",""coordinates"":[106.8235,-6.194659999999999]}"
0_227,1.49,2024-08-15,-6.19466,106.8235,bundaran_hi,"{""type"":""Point"",""coordinates"":[106.8235,-6.194659999999999]}"
0_231,0.549,2024-08-19,-6.19466,106.8235,bundaran_hi,"{""type"":""Point"",""coordinates"":[106.8235,-6.194659999999999]}"
0_232,0.933,2024-08-20,-6.19466,106.8235,bundaran_hi,"{""type"":""Point"",""coordinates"":[106.8235,-6.194659999999999]}"
0_233,0.667,2024-08-21,-6.19466,106.8235,bundaran_hi,"{""type"":""Point"",""coordinates"":[106.8235,-6.194659999999999]}"
0_235,1.096,2024-08-23,-6.19466,106.8235,bundaran_hi,"{""type"":""Point"",""coordinates"":[106.8235,-6.194659999999999]}"
0_236,1.329,2024-08-24,-6.19466,106.8235,bundaran_hi,"{""type"":""Point"",""coordinates"":[106.8235,-6.194659999999999]}"
0_237,0.58,2024-08-25,-6.19466,106.8235,bundaran_hi,"{""type"":""Point"",""coordinates"":[106.8235,-6.194659999999999]}"
0_238,0.482,2024-08-26,-6.19466,106.8235,bundaran_hi,"{""type"":""Point"",""coordinates"":[106.8235,-6.194659999999999]}"
0_241,0.798,2024-08-29,-6.19466,106.8235,bundaran_hi,"{""type"":""Point"",""coordinates"":[106.8235,-6.194659999999999]}"
0_243,0.401,2024-08-31,-6.19466,106.8235,bundaran_hi,"{""type"":""Point"",""coordinates"":[106.8235,-6.194659999999999]}"
0_244,0.435,2024-09-01,-6.19466,106.8235,bundaran_hi,"{""type"":""Point"",""coordinates"":[106.8235,-6.194659999999999]}"
0_245,1.031,2024-09-02,-6.19466,106.8235,bundaran_hi,"{""type"":""Point"",""coordinates"":[106.8235,-6.194659999999999]}"
0_248,0.445,2024-09-05,-6.19466,106.8235,bundaran_hi,"{""type"":""Point"",""coordinates"":[106.8235,-6.194659999999999]}"
0_249,0.336,2024-09-06,-6.19466,106.8235,bundaran_hi,"{""type"":""Point"",""coordinates"":[106.8235,-6.194659999999999]}"
0_250,0.322,2024-09-07,-6.19466,106.8235,bundaran_hi,"{""type"":""Point"",""coordinates"":[106.8235,-6.194659999999999]}"
0_251,0.438,2024-09-08,-6.19466,106.8235,bundaran_hi,"{""type"":""Point"",""coordinates"":[106.8235,-6.194659999999999]}"
0_254,0.006,2024-09-11,-6.19466,106.8235,bundaran_hi,"{""type"":""Point"",""coordinates"":[106.8235,-6.194659999999999]}"
0_256,0.593,2024-09-13,-6.19466,106.8235,bundaran_hi,"{""type"":""Point"",""coordinates"":[106.8235,-6.194659999999999]}"
0_258,0.54,2024-09-15,-6.19466,106.8235,bundaran_hi,"{""type"":""Point"",""coordinates"":[106.8235,-6.194659999999999]}"
0_259,0.41200000000000003,2024-09-16,-6.19466,106.8235,bundaran_hi,"{""type"":""Point"",""coordinates"":[106.8235,-6.194659999999999]}"
0_260,0.105,2024-09-17,-6.19466,106.8235,bundaran_hi,"{""type"":""Point"",""coordinates"":[106.8235,-6.194659999999999]}"
0_261,0.589,2024-09-18,-6.19466,106.8235,bundaran_hi,"{""type"":""Point"",""coordinates"":[106.8235,-6.194659999999999]}"
0_262,0.924,2024-09-19,-6.19466,106.8235,bundaran_hi,"{""type"":""Point"",""coordinates"":[106.8235,-6.194659999999999]}"
0_263,0.865,2024-09-20,-6.19466,106.8235,bundaran_hi,"{""type"":""Point"",""coordinates"":[106.8235,-6.194659999999999]}"
0_270,0.405,2024-09-27,-6.19466,106.8235,bundaran_hi,"{""type"":""Point"",""coordinates"":[106.8235,-6.194659999999999]}"
0_273,0.057,2024-09-30,-6.19466,106.8235,bundaran_hi,"{""type"":""Point"",""coordinates"":[106.8235,-6.194659999999999]}"
0_275,0.795,2024-10-02,-6.19466,106.8235,bundaran_hi,"{""type"":""Point"",""coordinates"":[106.8235,-6.194659999999999]}"
0_277,0.5710000000000001,2024-10-04,-6.19466,106.8235,bundaran_hi,"{""type"":""Point"",""coordinates"":[106.8235,-6.194659999999999]}"
0_280,0.5720000000000001,2024-10-07,-6.19466,106.8235,bundaran_hi,"{""type"":""Point"",""coordinates"":[106.8235,-6.194659999999999]}"
0_282,0.507,2024-10-09,-6.19466,106.8235,bundaran_hi,"{""type"":""Point"",""coordinates"":[106.8235,-6.194659999999999]}"
0_290,0.535,2024-10-17,-6.19466,106.8235,bundaran_hi,"{""type"":""Point"",""coordinates"":[106.8235,-6.194659999999999]}"
0_292,0.8180000000000001,2024-10-19,-6.19466,106.8235,bundaran_hi,"{""type"":""Point"",""coordinates"":[106.8235,-6.194659999999999]}"
0_293,0.302,2024-10-20,-6.19466,106.8235,bundaran_hi,"{""type"":""Point"",""coordinates"":[106.8235,-6.194659999999999]}"
0_295,0.34700000000000003,2024-10-22,-6.19466,106.8235,bundaran_hi,"{""type"":""Point"",""coordinates"":[106.8235,-6.194659999999999]}"
0_298,0.583,2024-10-25,-6.19466,106.8235,bundaran_hi,"{""type"":""Point"",""coordinates"":[106.8235,-6.194659999999999]}"
0_299,0.211,2024-10-26,-6.19466,106.8235,bundaran_hi,"{""type"":""Point"",""coordinates"":[106.8235,-6.194659999999999]}"
0_300,0.22,2024-10-27,-6.19466,106.8235,bundaran_hi,"{""type"":""Point"",""coordinates"":[106.8235,-6.194659999999999]}"
0_302,0.9480000000000001,2024-10-29,-6.19466,106.8235,bundaran_hi,"{""type"":""Point"",""coordinates"":[106.8235,-6.194659999999999]}"
0_303,0.448,2024-10-30,-6.19466,106.8235,bundaran_hi,"{""type"":""Point"",""coordinates"":[106.8235,-6.194659999999999]}"
0_306,0.47800000000000004,2024-11-02,-6.19466,106.8235,bundaran_hi,"{""type"":""Point"",""coordinates"":[106.8235,-6.194659999999999]}"
0_309,0.322,2024-11-05,-6.19466,106.8235,bundaran_hi,"{""type"":""Point"",""coordinates"":[106.8235,-6.194659999999999]}"
0_310,0.037,2024-11-06,-6.19466,106.8235,bundaran_hi,"{""type"":""Point"",""coordinates"":[106.8235,-6.194659999999999]}"
0_314,0.332,2024-11-10,-6.19466,106.8235,bundaran_hi,"{""type"":""Point"",""coordinates"":[106.8235,-6.194659999999999]}"
1_8,0.382,2024-01-09,-6.1535777,106.910887,kelapa_gading,"{""type"":""Point"",""coordinates"":[106.910887,-6.1535777]}"
1_19,0.228,2024-01-20,-6.1535777,106.910887,kelapa_gading,"{""type"":""Point"",""coordinates"":[106.910887,-6.1535777]}"
1_32,0.273,2024-02-02,-6.1535777,106.910887,kelapa_gading,"{""type"":""Point"",""coordinates"":[106.910887,-6.1535777]}"
1_38,0.199,2024-02-08,-6.1535777,106.910887,kelapa_gading,"{""type"":""Point"",""coordinates"":[106.910887,-6.1535777]}"
1_41,0.029,2024-02-11,-6.1535777,106.910887,kelapa_gading,"{""type"":""Point"",""coordinates"":[106.910887,-6.1535777]}"
1_42,0.534,2024-02-12,-6.1535777,106.910887,kelapa_gading,"{""type"":""Point"",""coordinates"":[106.910887,-6.1535777]}"
1_50,0.492,2024-02-20,-6.1535777,106.910887,kelapa_gading,"{""type"":""Point"",""coordinates"":[106.910887,-6.1535777]}"
1_52,0.355,2024-02-22,-6.1535777,106.910887,kelapa_gading,"{""type"":""Point"",""coordinates"":[106.910887,-6.1535777]}"
1_60,0.15,2024-03-01,-6.1535777,106.910887,kelapa_gading,"{""type"":""Point"",""coordinates"":[106.910887,-6.1535777]}"
1_78,0.01,2024-03-19,-6.1535777,106.910887,kelapa_gading,"{""type"":""Point"",""coordinates"":[106.910887,-6.1535777]}"
1_79,0.044,2024-03-20,-6.1535777,106.910887,kelapa_gading,"{""type"":""Point"",""coordinates"":[106.910887,-6.1535777]}"
1_80,0.375,2024-03-21,-6.1535777,106.910887,kelapa_gading,"{""type"":""Point"",""coordinates"":[106.910887,-6.1535777]}"
1_82,0.547,2024-03-23,-6.1535777,106.910887,kelapa_gading,"{""type"":""Point"",""coordinates"":[106.910887,-6.1535777]}"
1_84,0.02,2024-03-25,-6.1535777,106.910887,kelapa_gading,"{""type"":""Point"",""coordinates"":[106.910887,-6.1535777]}"
1_97,0.786,2024-04-07,-6.1535777,106.910887,kelapa_gading,"{""type"":""Point"",""coordinates"":[106.910887,-6.1535777]}"
1_98,0.443,2024-04-08,-6.1535777,106.910887,kelapa_gading,"{""type"":""Point"",""coordinates"":[106.910887,-6.1535777]}"
1_101,0.395,2024-04-11,-6.1535777,106.910887,kelapa_gading,"{""type"":""Point"",""coordinates"":[106.910887,-6.1535777]}"
1_103,0.54,2024-04-13,-6.1535777,106.910887,kelapa_gading,"{""type"":""Point"",""coordinates"":[106.910887,-6.1535777]}"
1_106,0.492,2024-04-16,-6.1535777,106.910887,kelapa_gading,"{""type"":""Point"",""coordinates"":[106.910887,-6.1535777]}"
1_110,0.44,2024-04-20,-6.1535777,106.910887,kelapa_gading,"{""type"":""Point"",""coordinates"":[106.910887,-6.1535777]}"
1_112,0.11900000000000001,2024-04-22,-6.1535777,106.910887,kelapa_gading,"{""type"":""Point"",""coordinates"":[106.910887,-6.1535777]}"
1_116,0.596,2024-04-26,-6.1535777,106.910887,kelapa_gading,"{""type"":""Point"",""coordinates"":[106.910887,-6.1535777]}"
1_117,0.392,2024-04-27,-6.1535777,106.910887,kelapa_gading,"{""type"":""Point"",""coordinates"":[106.910887,-6.1535777]}"
1_119,0.524,2024-04-29,-6.1535777,106.910887,kelapa_gading,"{""type"":""Point"",""coordinates"":[106.910887,-6.1535777]}"
1_124,0.894,2024-05-04,-6.1535777,106.910887,kelapa_gading,"{""type"":""Point"",""coordinates"":[106.910887,-6.1535777]}"
1_127,0.914,2024-05-07,-6.1535777,106.910887,kelapa_gading,"{""type"":""Point"",""coordinates"":[106.910887,-6.1535777]}"
1_128,1.1280000000000001,2024-05-08,-6.1535777,106.910887,kelapa_gading,"{""type"":""Point"",""coordinates"":[106.910887,-6.1535777]}"
1_130,0.8150000000000001,2024-05-10,-6.1535777,106.910887,kelapa_gading,"{""type"":""Point"",""coordinates"":[106.910887,-6.1535777]}"
1_132,0.101,2024-05-12,-6.1535777,106.910887,kelapa_gading,"{""type"":""Point"",""coordinates"":[106.910887,-6.1535777]}"
1_136,0.976,2024-05-16,-6.1535777,106.910887,kelapa_gading,"{""type"":""Point"",""coordinates"":[106.910887,-6.1535777]}"
1_139,1.772,2024-05-19,-6.1535777,106.910887,kelapa_gading,"{""type"":""Point"",""coordinates"":[106.910887,-6.1535777]}"
1_144,0.549,2024-05-24,-6.1535777,106.910887,kelapa_gading,"{""type"":""Point"",""coordinates"":[106.910887,-6.1535777]}"
1_147,0.442,2024-05-27,-6.1535777,106.910887,kelapa_gading,"{""type"":""Point"",""coordinates"":[106.910887,-6.1535777]}"
1_148,0.687,2024-05-28,-6.1535777,106.910887,kelapa_gading,"{""type"":""Point"",""coordinates"":[106.910887,-6.1535777]}"
1_156,0.9440000000000001,2024-06-05,-6.1535777,106.910887,kelapa_gading,"{""type"":""Point"",""coordinates"":[106.910887,-6.1535777]}"
1_157,0.551,2024-06-06,-6.1535777,106.910887,kelapa_gading,"{""type"":""Point"",""coordinates"":[106.910887,-6.1535777]}"
1_158,0.489,2024-06-07,-6.1535777,106.910887,kelapa_gading,"{""type"":""Point"",""coordinates"":[106.910887,-6.1535777]}"
1_159,0.468,2024-06-08,-6.1535777,106.910887,kelapa_gading,"{""type"":""Point"",""coordinates"":[106.910887,-6.1535777]}"
1_161,0.598,2024-06-10,-6.1535777,106.910887,kelapa_gading,"{""type"":""Point"",""coordinates"":[106.910887,-6.1535777]}"
1_165,0.40900000000000003,2024-06-14,-6.1535777,106.910887,kelapa_gading,"{""type"":""Point"",""coordinates"":[106.910887,-6.1535777]}"
1_166,0.756,2024-06-15,-6.1535777,106.910887,kelapa_gading,"{""type"":""Point"",""coordinates"":[106.910887,-6.1535777]}"
1_168,0.555,2024-06-17,-6.1535777,106.910887,kelapa_gading,"{""type"":""Point"",""coordinates"":[106.910887,-6.1535777]}"
1_170,0.522,2024-06-19,-6.1535777,106.910887,kelapa_gading,"{""type"":""Point"",""coordinates"":[106.910887,-6.1535777]}"
1_171,0.38,2024-06-20,-6.1535777,106.910887,kelapa_gading,"{""type"":""Point"",""coordinates"":[106.910887,-6.1535777]}"
1_172,0.548,2024-06-21,-6.1535777,106.910887,kelapa_gading,"{""type"":""Point"",""coordinates"":[106.910887,-6.1535777]}"
1_177,0.256,2024-06-26,-6.1535777,106.910887,kelapa_gading,"{""type"":""Point"",""coordinates"":[106.910887,-6.1535777]}"
1_184,0.616,2024-07-03,-6.1535777,106.910887,kelapa_gading,"{""type"":""Point"",""coordinates"":[106.910887,-6.1535777]}"
1_189,0.241,2024-07-08,-6.1535777,106.910887,kelapa_gading,"{""type"":""Point"",""coordinates"":[106.910887,-6.1535777]}"
1_192,0.399,2024-07-11,-6.1535777,106.910887,kelapa_gading,"{""type"":""Point"",""coordinates"":[106.910887,-6.1535777]}"
1_193,0.585,2024-07-12,-6.1535777,106.910887,kelapa_gading,"{""type"":""Point"",""coordinates"":[106.910887,-6.1535777]}"
1_194,0.42,2024-07-13,-6.1535777,106.910887,kelapa_gading,"{""type"":""Point"",""coordinates"":[106.910887,-6.1535777]}"
1_195,0.609,2024-07-14,-6.1535777,106.910887,kelapa_gading,"{""type"":""Point"",""coordinates"":[106.910887,-6.1535777]}"
1_197,0.312,2024-07-16,-6.1535777,106.910887,kelapa_gading,"{""type"":""Point"",""coordinates"":[106.910887,-6.1535777]}"
1_198,0.418,2024-07-17,-6.1535777,106.910887,kelapa_gading,"{""type"":""Point"",""coordinates"":[106.910887,-6.1535777]}"
1_199,0.877,2024-07-18,-6.1535777,106.910887,kelapa_gading,"{""type"":""Point"",""coordinates"":[106.910887,-6.1535777]}"
1_200,0.41400000000000003,2024-07-19,-6.1535777,106.910887,kelapa_gading,"{""type"":""Point"",""coordinates"":[106.910887,-6.1535777]}"
1_201,0.378,2024-07-20,-6.1535777,106.910887,kelapa_gading,"{""type"":""Point"",""coordinates"":[106.910887,-6.1535777]}"
1_202,0.706,2024-07-21,-6.1535777,106.910887,kelapa_gading,"{""type"":""Point"",""coordinates"":[106.910887,-6.1535777]}"
1_203,1.667,2024-07-22,-6.1535777,106.910887,kelapa_gading,"{""type"":""Point"",""coordinates"":[106.910887,-6.1535777]}"
1_204,1.319,2024-07-23,-6.1535777,106.910887,kelapa_gading,"{""type"":""Point"",""coordinates"":[106.910887,-6.1535777]}"
1_205,1.413,2024-07-24,-6.1535777,106.910887,kelapa_gading,"{""type"":""Point"",""coordinates"":[106.910887,-6.1535777]}"
1_207,1.02,2024-07-26,-6.1535777,106.910887,kelapa_gading,"{""type"":""Point"",""coordinates"":[106.910887,-6.1535777]}"
1_209,1.217,2024-07-28,-6.1535777,106.910887,kelapa_gading,"{""type"":""Point"",""coordinates"":[106.910887,-6.1535777]}"
1_210,0.6880000000000001,2024-07-29,-6.1535777,106.910887,kelapa_gading,"{""type"":""Point"",""coordinates"":[106.910887,-6.1535777]}"
1_212,0.545,2024-07-31,-6.1535777,106.910887,kelapa_gading,"{""type"":""Point"",""coordinates"":[106.910887,-6.1535777]}"
1_216,0.46,2024-08-04,-6.1535777,106.910887,kelapa_gading,"{""type"":""Point"",""coordinates"":[106.910887,-6.1535777]}"
1_218,0.396,2024-08-06,-6.1535777,106.910887,kelapa_gading,"{""type"":""Point"",""coordinates"":[106.910887,-6.1535777]}"
1_220,0.582,2024-08-08,-6.1535777,106.910887,kelapa_gading,"{""type"":""Point"",""coordinates"":[106.910887,-6.1535777]}"
1_221,0.404,2024-08-09,-6.1535777,106.910887,kelapa_gading,"{""type"":""Point"",""coordinates"":[106.910887,-6.1535777]}"
1_222,0.717,2024-08-10,-6.1535777,106.910887,kelapa_gading,"{""type"":""Point"",""coordinates"":[106.910887,-6.1535777]}"
1_224,0.808,2024-08-12,-6.1535777,106.910887,kelapa_gading,"{""type"":""Point"",""coordinates"":[106.910887,-6.1535777]}"
1_226,0.369,2024-08-14,-6.1535777,106.910887,kelapa_gading,"{""type"":""Point"",""coordinates"":[106.910887,-6.1535777]}"
1_227,0.709,2024-08-15,-6.1535777,106.910887,kelapa_gading,"{""type"":""Point"",""coordinates"":[106.910887,-6.1535777]}"
1_229,0.56,2024-08-17,-6.1535777,106.910887,kelapa_gading,"{""type"":""Point"",""coordinates"":[106.910887,-6.1535777]}"
1_231,0.371,2024-08-19,-6.1535777,106.910887,kelapa_gading,"{""type"":""Point"",""coordinates"":[106.910887,-6.1535777]}"
1_232,0.451,2024-08-20,-6.1535777,106.910887,kelapa_gading,"{""type"":""Point"",""coordinates"":[106.910887,-6.1535777]}"
1_233,0.9440000000000001,2024-08-21,-6.1535777,106.910887,kelapa_gading,"{""type"":""Point"",""coordinates"":[106.910887,-6.1535777]}"
1_236,1.252,2024-08-24,-6.1535777,106.910887,kelapa_gading,"{""type"":""Point"",""coordinates"":[106.910887,-6.1535777]}"
1_237,0.539,2024-08-25,-6.1535777,106.910887,kelapa_gading,"{""type"":""Point"",""coordinates"":[106.910887,-6.1535777]}"
1_238,0.41300000000000003,2024-08-26,-6.1535777,106.910887,kelapa_gading,"{""type"":""Point"",""coordinates"":[106.910887,-6.1535777]}"
1_243,0.437,2024-08-31,-6.1535777,106.910887,kelapa_gading,"{""type"":""Point"",""coordinates"":[106.910887,-6.1535777]}"
1_244,0.512,2024-09-01,-6.1535777,106.910887,kelapa_gading,"{""type"":""Point"",""coordinates"":[106.910887,-6.1535777]}"
1_245,0.498,2024-09-02,-6.1535777,106.910887,kelapa_gading,"{""type"":""Point"",""coordinates"":[106.910887,-6.1535777]}"
1_248,0.374,2024-09-05,-6.1535777,106.910887,kelapa_gading,"{""type"":""Point"",""coordinates"":[106.910887,-6.1535777]}"
1_249,0.167,2024-09-06,-6.1535777,106.910887,kelapa_gading,"{""type"":""Point"",""coordinates"":[106.910887,-6.1535777]}"
1_250,0.368,2024-09-07,-6.1535777,106.910887,kelapa_gading,"{""type"":""Point"",""coordinates"":[106.910887,-6.1535777]}"
1_251,0.501,2024-09-08,-6.1535777,106.910887,kelapa_gading,"{""type"":""Point"",""coordinates"":[106.910887,-6.1535777]}"
1_252,0.5630000000000001,2024-09-09,-6.1535777,106.910887,kelapa_gading,"{""type"":""Point"",""coordinates"":[106.910887,-6.1535777]}"
1_254,0.017,2024-09-11,-6.1535777,106.910887,kelapa_gading,"{""type"":""Point"",""coordinates"":[106.910887,-6.1535777]}"
1_256,0.323,2024-09-13,-6.1535777,106.910887,kelapa_gading,"{""type"":""Point"",""coordinates"":[106.910887,-6.1535777]}"
1_258,0.268,2024-09-15,-6.1535777,106.910887,kelapa_gading,"{""type"":""Point"",""coordinates"":[106.910887,-6.1535777]}"
1_259,0.378,2024-09-16,-6.1535777,106.910887,kelapa_gading,"{""type"":""Point"",""coordinates"":[106.910887,-6.1535777]}"
1_260,0.092,2024-09-17,-6.1535777,106.910887,kelapa_gading,"{""type"":""Point"",""coordinates"":[106.910887,-6.1535777]}"
1_261,0.926,2024-09-18,-6.1535777,106.910887,kelapa_gading,"{""type"":""Point"",""coordinates"":[106.910887,-6.1535777]}"
1_262,0.879,2024-09-19,-6.1535777,106.910887,kelapa_gading,"{""type"":""Point"",""coordinates"":[106.910887,-6.1535777]}"
1_263,0.624,2024-09-20,-6.1535777,106.910887,kelapa_gading,"{""type"":""Point"",""coordinates"":[106.910887,-6.1535777]}"
1_264,0.852,2024-09-21,-6.1535777,106.910887,kelapa_gading,"{""type"":""Point"",""coordinates"":[106.910887,-6.1535777]}"
1_266,0.4,2024-09-23,-6.1535777,106.910887,kelapa_gading,"{""type"":""Point"",""coordinates"":[106.910887,-6.1535777]}"
1_268,0.914,2024-09-25,-6.1535777,106.910887,kelapa_gading,"{""type"":""Point"",""coordinates"":[106.910887,-6.1535777]}"
1_270,0.291,2024-09-27,-6.1535777,106.910887,kelapa_gading,"{""type"":""Point"",""coordinates"":[106.910887,-6.1535777]}"
1_273,0.508,2024-09-30,-6.1535777,106.910887,kelapa_gading,"{""type"":""Point"",""coordinates"":[106.910887,-6.1535777]}"
1_275,0.367,2024-10-02,-6.1535777,106.910887,kelapa_gading,"{""type"":""Point"",""coordinates"":[106.910887,-6.1535777]}"
1_280,0.372,2024-10-07,-6.1535777,106.910887,kelapa_gading,"{""type"":""Point"",""coordinates"":[106.910887,-6.1535777]}"
1_282,0.543,2024-10-09,-6.1535777,106.910887,kelapa_gading,"{""type"":""Point"",""coordinates"":[106.910887,-6.1535777]}"
1_283,0.062,2024-10-10,-6.1535777,106.910887,kelapa_gading,"{""type"":""Point"",""coordinates"":[106.910887,-6.1535777]}"
1_285,0.25,2024-10-12,-6.1535777,106.910887,kelapa_gading,"{""type"":""Point"",""coordinates"":[106.910887,-6.1535777]}"
1_290,0.657,2024-10-17,-6.1535777,106.910887,kelapa_gading,"{""type"":""Point"",""coordinates"":[106.910887,-6.1535777]}"
1_292,0.509,2024-10-19,-6.1535777,106.910887,kelapa_gading,"{""type"":""Point"",""coordinates"":[106.910887,-6.1535777]}"
1_293,0.197,2024-10-20,-6.1535777,106.910887,kelapa_gading,"{""type"":""Point"",""coordinates"":[106.910887,-6.1535777]}"
1_295,0.41100000000000003,2024-10-22,-6.1535777,106.910887,kelapa_gading,"{""type"":""Point"",""coordinates"":[106.910887,-6.1535777]}"
1_297,0.8270000000000001,2024-10-24,-6.1535777,106.910887,kelapa_gading,"{""type"":""Point"",""coordinates"":[106.910887,-6.1535777]}"
1_299,0.122,2024-10-26,-6.1535777,106.910887,kelapa_gading,"{""type"":""Point"",""coordinates"":[106.910887,-6.1535777]}"
1_300,0.244,2024-10-27,-6.1535777,106.910887,kelapa_gading,"{""type"":""Point"",""coordinates"":[106.910887,-6.1535777]}"
1_302,0.666,2024-10-29,-6.1535777,106.910887,kelapa_gading,"{""type"":""Point"",""coordinates"":[106.910887,-6.1535777]}"
1_303,0.462,2024-10-30,-6.1535777,106.910887,kelapa_gading,"{""type"":""Point"",""coordinates"":[106.910887,-6.1535777]}"
1_309,0.343,2024-11-05,-6.1535777,106.910887,kelapa_gading,"{""type"":""Point"",""coordinates"":[106.910887,-6.1535777]}"
1_312,0.803,2024-11-08,-6.1535777,106.910887,kelapa_gading,"{""type"":""Point"",""coordinates"":[106.910887,-6.1535777]}"
1_327,0.432,2024-11-23,-6.1535777,106.910887,kelapa_gading,"{""type"":""Point"",""coordinates"":[106.910887,-6.1535777]}"
2_8,0.365,2024-01-09,-6.35693,106.80367,jagakarsa,"{""type"":""Point"",""coordinates"":[106.80367,-6.35693]}"
2_19,0.068,2024-01-20,-6.35693,106.80367,jagakarsa,"{""type"":""Point"",""coordinates"":[106.80367,-6.35693]}"
2_38,0.186,2024-02-08,-6.35693,106.80367,jagakarsa,"{""type"":""Point"",""coordinates"":[106.80367,-6.35693]}"
2_39,0.41500000000000004,2024-02-09,-6.35693,106.80367,jagakarsa,"{""type"":""Point"",""coordinates"":[106.80367,-6.35693]}"
2_52,0.11,2024-02-22,-6.35693,106.80367,jagakarsa,"{""type"":""Point"",""coordinates"":[106.80367,-6.35693]}"
2_78,0.022,2024-03-19,-6.35693,106.80367,jagakarsa,"{""type"":""Point"",""coordinates"":[106.80367,-6.35693]}"
2_79,0.002,2024-03-20,-6.35693,106.80367,jagakarsa,"{""type"":""Point"",""coordinates"":[106.80367,-6.35693]}"
2_80,0.306,2024-03-21,-6.35693,106.80367,jagakarsa,"{""type"":""Point"",""coordinates"":[106.80367,-6.35693]}"
2_82,0.419,2024-03-23,-6.35693,106.80367,jagakarsa,"{""type"":""Point"",""coordinates"":[106.80367,-6.35693]}"
2_88,0.519,2024-03-29,-6.35693,106.80367,jagakarsa,"{""type"":""Point"",""coordinates"":[106.80367,-6.35693]}"
2_90,0.492,2024-03-31,-6.35693,106.80367,jagakarsa,"{""type"":""Point"",""coordinates"":[106.80367,-6.35693]}"
2_97,0.28300000000000003,2024-04-07,-6.35693,106.80367,jagakarsa,"{""type"":""Point"",""coordinates"":[106.80367,-6.35693]}"
2_107,0.499,2024-04-17,-6.35693,106.80367,jagakarsa,"{""type"":""Point"",""coordinates"":[106.80367,-6.35693]}"
2_108,0.29,2024-04-18,-6.35693,106.80367,jagakarsa,"{""type"":""Point"",""coordinates"":[106.80367,-6.35693]}"
2_112,0.23700000000000002,2024-04-22,-6.35693,106.80367,jagakarsa,"{""type"":""Point"",""coordinates"":[106.80367,-6.35693]}"
2_116,0.489,2024-04-26,-6.35693,106.80367,jagakarsa,"{""type"":""Point"",""coordinates"":[106.80367,-6.35693]}"
2_117,0.329,2024-04-27,-6.35693,106.80367,jagakarsa,"{""type"":""Point"",""coordinates"":[106.80367,-6.35693]}"
2_119,0.432,2024-04-29,-6.35693,106.80367,jagakarsa,"{""type"":""Point"",""coordinates"":[106.80367,-6.35693]}"
2_126,1.066,2024-05-06,-6.35693,106.80367,jagakarsa,"{""type"":""Point"",""coordinates"":[106.80367,-6.35693]}"
2_127,0.681,2024-05-07,-6.35693,106.80367,jagakarsa,"{""type"":""Point"",""coordinates"":[106.80367,-6.35693]}"
2_129,0.898,2024-05-09,-6.35693,106.80367,jagakarsa,"{""type"":""Point"",""coordinates"":[106.80367,-6.35693]}"
2_132,0.519,2024-05-12,-6.35693,106.80367,jagakarsa,"{""type"":""Point"",""coordinates"":[106.80367,-6.35693]}"
2_136,1.2690000000000001,2024-05-16,-6.35693,106.80367,jagakarsa,"{""type"":""Point"",""coordinates"":[106.80367,-6.35693]}"
2_144,0.502,2024-05-24,-6.35693,106.80367,jagakarsa,"{""type"":""Point"",""coordinates"":[106.80367,-6.35693]}"
2_148,0.662,2024-05-28,-6.35693,106.80367,jagakarsa,"{""type"":""Point"",""coordinates"":[106.80367,-6.35693]}"
2_150,0.7010000000000001,2024-05-30,-6.35693,106.80367,jagakarsa,"{""type"":""Point"",""coordinates"":[106.80367,-6.35693]}"
2_151,1.018,2024-05-31,-6.35693,106.80367,jagakarsa,"{""type"":""Point"",""coordinates"":[106.80367,-6.35693]}"
2_158,0.537,2024-06-07,-6.35693,106.80367,jagakarsa,"{""type"":""Point"",""coordinates"":[106.80367,-6.35693]}"
2_159,0.382,2024-06-08,-6.35693,106.80367,jagakarsa,"{""type"":""Point"",""coordinates"":[106.80367,-6.35693]}"
2_161,0.55,2024-06-10,-6.35693,106.80367,jagakarsa,"{""type"":""Point"",""coordinates"":[106.80367,-6.35693]}"
2_165,0.47900000000000004,2024-06-14,-6.35693,106.80367,jagakarsa,"{""type"":""Point"",""coordinates"":[106.80367,-6.35693]}"
2_170,0.5710000000000001,2024-06-19,-6.35693,106.80367,jagakarsa,"{""type"":""Point"",""coordinates"":[106.80367,-6.35693]}"
2_172,0.486,2024-06-21,-6.35693,106.80367,jagakarsa,"{""type"":""Point"",""coordinates"":[106.80367,-6.35693]}"
2_175,0.555,2024-06-24,-6.35693,106.80367,jagakarsa,"{""type"":""Point"",""coordinates"":[106.80367,-6.35693]}"
2_177,0.295,2024-06-26,-6.35693,106.80367,jagakarsa,"{""type"":""Point"",""coordinates"":[106.80367,-6.35693]}"
2_178,0.268,2024-06-27,-6.35693,106.80367,jagakarsa,"{""type"":""Point"",""coordinates"":[106.80367,-6.35693]}"
2_181,0.218,2024-06-30,-6.35693,106.80367,jagakarsa,"{""type"":""Point"",""coordinates"":[106.80367,-6.35693]}"
2_184,0.518,2024-07-03,-6.35693,106.80367,jagakarsa,"{""type"":""Point"",""coordinates"":[106.80367,-6.35693]}"
2_189,0.16,2024-07-08,-6.35693,106.80367,jagakarsa,"{""type"":""Point"",""coordinates"":[106.80367,-6.35693]}"
2_192,0.506,2024-07-11,-6.35693,106.80367,jagakarsa,"{""type"":""Point"",""coordinates"":[106.80367,-6.35693]}"
2_193,0.579,2024-07-12,-6.35693,106.80367,jagakarsa,"{""type"":""Point"",""coordinates"":[106.80367,-6.35693]}"
2_194,0.51,2024-07-13,-6.35693,106.80367,jagakarsa,"{""type"":""Point"",""coordinates"":[106.80367,-6.35693]}"
2_195,0.494,2024-07-14,-6.35693,106.80367,jagakarsa,"{""type"":""Point"",""coordinates"":[106.80367,-6.35693]}"
2_197,0.47400000000000003,2024-07-16,-6.35693,106.80367,jagakarsa,"{""type"":""Point"",""coordinates"":[106.80367,-6.35693]}"
2_198,0.457,2024-07-17,-6.35693,106.80367,jagakarsa,"{""type"":""Point"",""coordinates"":[106.80367,-6.35693]}"
2_199,1.062,2024-07-18,-6.35693,106.80367,jagakarsa,"{""type"":""Point"",""coordinates"":[106.80367,-6.35693]}"
2_200,0.511,2024-07-19,-6.35693,106.80367,jagakarsa,"{""type"":""Point"",""coordinates"":[106.80367,-6.35693]}"
2_201,0.519,2024-07-20,-6.35693,106.80367,jagakarsa,"{""type"":""Point"",""coordinates"":[106.80367,-6.35693]}"
2_202,0.8130000000000001,2024-07-21,-6.35693,106.80367,jagakarsa,"{""type"":""Point"",""coordinates"":[106.80367,-6.35693]}"
2_205,0.7010000000000001,2024-07-24,-6.35693,106.80367,jagakarsa,"{""type"":""Point"",""coordinates"":[106.80367,-6.35693]}"
2_209,1.159,2024-07-28,-6.35693,106.80367,jagakarsa,"{""type"":""Point"",""coordinates"":[106.80367,-6.35693]}"
2_210,0.715,2024-07-29,-6.35693,106.80367,jagakarsa,"{""type"":""Point"",""coordinates"":[106.80367,-6.35693]}"
2_212,0.559,2024-07-31,-6.35693,106.80367,jagakarsa,"{""type"":""Point"",""coordinates"":[106.80367,-6.35693]}"
2_214,0.667,2024-08-02,-6.35693,106.80367,jagakarsa,"{""type"":""Point"",""coordinates"":[106.80367,-6.35693]}"
2_216,0.27,2024-08-04,-6.35693,106.80367,jagakarsa,"{""type"":""Point"",""coordinates"":[106.80367,-6.35693]}"
2_218,0.41400000000000003,2024-08-06,-6.35693,106.80367,jagakarsa,"{""type"":""Point"",""coordinates"":[106.80367,-6.35693]}"
2_221,0.319,2024-08-09,-6.35693,106.80367,jagakarsa,"{""type"":""Point"",""coordinates"":[106.80367,-6.35693]}"
2_222,0.579,2024-08-10,-6.35693,106.80367,jagakarsa,"{""type"":""Point"",""coordinates"":[106.80367,-6.35693]}"
2_224,1.034,2024-08-12,-6.35693,106.80367,jagakarsa,"{""type"":""Point"",""coordinates"":[106.80367,-6.35693]}"
2_226,0.386,2024-08-14,-6.35693,106.80367,jagakarsa,"{""type"":""Point"",""coordinates"":[106.80367,-6.35693]}"
2_227,0.433,2024-08-15,-6.35693,106.80367,jagakarsa,"{""type"":""Point"",""coordinates"":[106.80367,-6.35693]}"
2_231,0.509,2024-08-19,-6.35693,106.80367,jagakarsa,"{""type"":""Point"",""coordinates"":[106.80367,-6.35693]}"
2_233,0.711,2024-08-21,-6.35693,106.80367,jagakarsa,"{""type"":""Point"",""coordinates"":[106.80367,-6.35693]}"
2_234,0.28300000000000003,2024-08-22,-6.35693,106.80367,jagakarsa,"{""type"":""Point"",""coordinates"":[106.80367,-6.35693]}"
2_236,1.476,2024-08-24,-6.35693,106.80367,jagakarsa,"{""type"":""Point"",""coordinates"":[106.80367,-6.35693]}"
2_237,0.447,2024-08-25,-6.35693,106.80367,jagakarsa,"{""type"":""Point"",""coordinates"":[106.80367,-6.35693]}"
2_238,0.443,2024-08-26,-6.35693,106.80367,jagakarsa,"{""type"":""Point"",""coordinates"":[106.80367,-6.35693]}"
2_241,0.608,2024-08-29,-6.35693,106.80367,jagakarsa,"{""type"":""Point"",""coordinates"":[106.80367,-6.35693]}"
2_243,0.4,2024-08-31,-6.35693,106.80367,jagakarsa,"{""type"":""Point"",""coordinates"":[106.80367,-6.35693]}"
2_244,0.374,2024-09-01,-6.35693,106.80367,jagakarsa,"{""type"":""Point"",""coordinates"":[106.80367,-6.35693]}"
2_246,0.601,2024-09-03,-6.35693,106.80367,jagakarsa,"{""type"":""Point"",""coordinates"":[106.80367,-6.35693]}"
2_248,0.396,2024-09-05,-6.35693,106.80367,jagakarsa,"{""type"":""Point"",""coordinates"":[106.80367,-6.35693]}"
2_249,0.586,2024-09-06,-6.35693,106.80367,jagakarsa,"{""type"":""Point"",""coordinates"":[106.80367,-6.35693]}"
2_250,0.35000000000000003,2024-09-07,-6.35693,106.80367,jagakarsa,"{""type"":""Point"",""coordinates"":[106.80367,-6.35693]}"
2_251,0.386,2024-09-08,-6.35693,106.80367,jagakarsa,"{""type"":""Point"",""coordinates"":[106.80367,-6.35693]}"
2_254,0.08,2024-09-11,-6.35693,106.80367,jagakarsa,"{""type"":""Point"",""coordinates"":[106.80367,-6.35693]}"
2_256,0.482,2024-09-13,-6.35693,106.80367,jagakarsa,"{""type"":""Point"",""coordinates"":[106.80367,-6.35693]}"
2_258,0.47900000000000004,2024-09-15,-6.35693,106.80367,jagakarsa,"{""type"":""Point"",""coordinates"":[106.80367,-6.35693]}"
2_259,0.41600000000000004,2024-09-16,-6.35693,106.80367,jagakarsa,"{""type"":""Point"",""coordinates"":[106.80367,-6.35693]}"
2_260,0.195,2024-09-17,-6.35693,106.80367,jagakarsa,"{""type"":""Point"",""coordinates"":[106.80367,-6.35693]}"
2_261,0.197,2024-09-18,-6.35693,106.80367,jagakarsa,"{""type"":""Point"",""coordinates"":[106.80367,-6.35693]}"
2_264,0.67,2024-09-21,-6.35693,106.80367,jagakarsa,"{""type"":""Point"",""coordinates"":[106.80367,-6.35693]}"
2_270,0.296,2024-09-27,-6.35693,106.80367,jagakarsa,"{""type"":""Point"",""coordinates"":[106.80367,-6.35693]}"
2_273,0.51,2024-09-30,-6.35693,106.80367,jagakarsa,"{""type"":""Point"",""coordinates"":[106.80367,-6.35693]}"
2_277,0.443,2024-10-04,-6.35693,106.80367,jagakarsa,"{""type"":""Point"",""coordinates"":[106.80367,-6.35693]}"
2_280,0.604,2024-10-07,-6.35693,106.80367,jagakarsa,"{""type"":""Point"",""coordinates"":[106.80367,-6.35693]}"
2_282,0.353,2024-10-09,-6.35693,106.80367,jagakarsa,"{""type"":""Point"",""coordinates"":[106.80367,-6.35693]}"
2_290,0.736,2024-10-17,-6.35693,106.80367,jagakarsa,"{""type"":""Point"",""coordinates"":[106.80367,-6.35693]}"
2_292,0.47800000000000004,2024-10-19,-6.35693,106.80367,jagakarsa,"{""type"":""Point"",""coordinates"":[106.80367,-6.35693]}"
2_293,0.008,2024-10-20,-6.35693,106.80367,jagakarsa,"{""type"":""Point"",""coordinates"":[106.80367,-6.35693]}"
2_295,0.262,2024-10-22,-6.35693,106.80367,jagakarsa,"{""type"":""Point"",""coordinates"":[106.80367,-6.35693]}"
2_298,0.594,2024-10-25,-6.35693,106.80367,jagakarsa,"{""type"":""Point"",""coordinates"":[106.80367,-6.35693]}"
2_299,0.041,2024-10-26,-6.35693,106.80367,jagakarsa,"{""type"":""Point"",""coordinates"":[106.80367,-6.35693]}"
2_300,0.399,2024-10-27,-6.35693,106.80367,jagakarsa,"{""type"":""Point"",""coordinates"":[106.80367,-6.35693]}"
2_306,0.484,2024-11-02,-6.35693,106.80367,jagakarsa,"{""type"":""Point"",""coordinates"":[106.80367,-6.35693]}"
2_309,0.491,2024-11-05,-6.35693,106.80367,jagakarsa,"{""type"":""Point"",""coordinates"":[106.80367,-6.35693]}"
2_310,0.316,2024-11-06,-6.35693,106.80367,jagakarsa,"{""type"":""Point"",""coordinates"":[106.80367,-6.35693]}"
2_316,0.462,2024-11-12,-6.35693,106.80367,jagakarsa,"{""type"":""Point"",""coordinates"":[106.80367,-6.35693]}"
2_324,0.46900000000000003,2024-11-20,-6.35693,106.80367,jagakarsa,"{""type"":""Point"",""coordinates"":[106.80367,-6.35693]}"
2_325,0.395,2024-11-21,-6.35693,106.80367,jagakarsa,"{""type"":""Point"",""coordinates"":[106.80367,-6.35693]}"
2_354,0.457,2024-12-20,-6.35693,106.80367,jagakarsa,"{""type"":""Point"",""coordinates"":[106.80367,-6.35693]}"
2_361,0.115,2024-12-27,-6.35693,106.80367,jagakarsa,"{""type"":""Point"",""coordinates"":[106.80367,-6.35693]}"
3_15,0.34800000000000003,2024-01-16,-6.28889,106.90919,lubang_buaya,"{""type"":""Point"",""coordinates"":[106.90919000000001,-6.288889999999999]}"
3_19,0.23900000000000002,2024-01-20,-6.28889,106.90919,lubang_buaya,"{""type"":""Point"",""coordinates"":[106.90919000000001,-6.288889999999999]}"
3_34,0.423,2024-02-04,-6.28889,106.90919,lubang_buaya,"{""type"":""Point"",""coordinates"":[106.90919000000001,-6.288889999999999]}"
3_38,0.162,2024-02-08,-6.28889,106.90919,lubang_buaya,"{""type"":""Point"",""coordinates"":[106.90919000000001,-6.288889999999999]}"
3_52,0.354,2024-02-22,-6.28889,106.90919,lubang_buaya,"{""type"":""Point"",""coordinates"":[106.90919000000001,-6.288889999999999]}"
3_78,0.016,2024-03-19,-6.28889,106.90919,lubang_buaya,"{""type"":""Point"",""coordinates"":[106.90919000000001,-6.288889999999999]}"
3_79,0.028,2024-03-20,-6.28889,106.90919,lubang_buaya,"{""type"":""Point"",""coordinates"":[106.90919000000001,-6.288889999999999]}"
3_80,0.313,2024-03-21,-6.28889,106.90919,lubang_buaya,"{""type"":""Point"",""coordinates"":[106.90919000000001,-6.288889999999999]}"
3_82,0.405,2024-03-23,-6.28889,106.90919,lubang_buaya,"{""type"":""Point"",""coordinates"":[106.90919000000001,-6.288889999999999]}"
3_90,0.523,2024-03-31,-6.28889,106.90919,lubang_buaya,"{""type"":""Point"",""coordinates"":[106.90919000000001,-6.288889999999999]}"
3_97,0.485,2024-04-07,-6.28889,106.90919,lubang_buaya,"{""type"":""Point"",""coordinates"":[106.90919000000001,-6.288889999999999]}"
3_103,0.41100000000000003,2024-04-13,-6.28889,106.90919,lubang_buaya,"{""type"":""Point"",""coordinates"":[106.90919000000001,-6.288889999999999]}"
3_108,0.311,2024-04-18,-6.28889,106.90919,lubang_buaya,"{""type"":""Point"",""coordinates"":[106.90919000000001,-6.288889999999999]}"
3_112,0.214,2024-04-22,-6.28889,106.90919,lubang_buaya,"{""type"":""Point"",""coordinates"":[106.90919000000001,-6.288889999999999]}"
3_116,0.361,2024-04-26,-6.28889,106.90919,lubang_buaya,"{""type"":""Point"",""coordinates"":[106.90919000000001,-6.288889999999999]}"
3_117,0.31,2024-04-27,-6.28889,106.90919,lubang_buaya,"{""type"":""Point"",""coordinates"":[106.90919000000001,-6.288889999999999]}"
3_119,0.394,2024-04-29,-6.28889,106.90919,lubang_buaya,"{""type"":""Point"",""coordinates"":[106.90919000000001,-6.288889999999999]}"
3_124,0.788,2024-05-04,-6.28889,106.90919,lubang_buaya,"{""type"":""Point"",""coordinates"":[106.90919000000001,-6.288889999999999]}"
3_127,0.625,2024-05-07,-6.28889,106.90919,lubang_buaya,"{""type"":""Point"",""coordinates"":[106.90919000000001,-6.288889999999999]}"
3_128,0.99,2024-05-08,-6.28889,106.90919,lubang_buaya,"{""type"":""Point"",""coordinates"":[106.90919000000001,-6.288889999999999]}"
3_129,0.847,2024-05-09,-6.28889,106.90919,lubang_buaya,"{""type"":""Point"",""coordinates"":[106.90919000000001,-6.288889999999999]}"
3_131,0.836,2024-05-11,-6.28889,106.90919,lubang_buaya,"{""type"":""Point"",""coordinates"":[106.90919000000001,-6.288889999999999]}"
3_132,0.308,2024-05-12,-6.28889,106.90919,lubang_buaya,"{""type"":""Point"",""coordinates"":[106.90919000000001,-6.288889999999999]}"
3_133,0.425,2024-05-13,-6.28889,106.90919,lubang_buaya,"{""type"":""Point"",""coordinates"":[106.90919000000001,-6.288889999999999]}"
3_136,1.171,2024-05-16,-6.28889,106.90919,lubang_buaya,"{""type"":""Point"",""coordinates"":[106.90919000000001,-6.288889999999999]}"
3_139,0.935,2024-05-19,-6.28889,106.90919,lubang_buaya,"{""type"":""Point"",""coordinates"":[106.90919000000001,-6.288889999999999]}"
3_148,0.628,2024-05-28,-6.28889,106.90919,lubang_buaya,"{""type"":""Point"",""coordinates"":[106.90919000000001,-6.288889999999999]}"
3_150,0.885,2024-05-30,-6.28889,106.90919,lubang_buaya,"{""type"":""Point"",""coordinates"":[106.90919000000001,-6.288889999999999]}"
3_151,1.067,2024-05-31,-6.28889,106.90919,lubang_buaya,"{""type"":""Point"",""coordinates"":[106.90919000000001,-6.288889999999999]}"
3_158,0.509,2024-06-07,-6.28889,106.90919,lubang_buaya,"{""type"":""Point"",""coordinates"":[106.90919000000001,-6.288889999999999]}"
3_159,0.439,2024-06-08,-6.28889,106.90919,lubang_buaya,"{""type"":""Point"",""coordinates"":[106.90919000000001,-6.288889999999999]}"
3_161,0.619,2024-06-10,-6.28889,106.90919,lubang_buaya,"{""type"":""Point"",""coordinates"":[106.90919000000001,-6.288889999999999]}"
3_163,0.599,2024-06-12,-6.28889,106.90919,lubang_buaya,"{""type"":""Point"",""coordinates"":[106.90919000000001,-6.288889999999999]}"
3_170,0.41200000000000003,2024-06-19,-6.28889,106.90919,lubang_buaya,"{""type"":""Point"",""coordinates"":[106.90919000000001,-6.288889999999999]}"
3_172,0.467,2024-06-21,-6.28889,106.90919,lubang_buaya,"{""type"":""Point"",""coordinates"":[106.90919000000001,-6.288889999999999]}"
3_175,0.525,2024-06-24,-6.28889,106.90919,lubang_buaya,"{""type"":""Point"",""coordinates"":[106.90919000000001,-6.288889999999999]}"
3_177,0.20600000000000002,2024-06-26,-6.28889,106.90919,lubang_buaya,"{""type"":""Point"",""coordinates"":[106.90919000000001,-6.288889999999999]}"
3_181,0.245,2024-06-30,-6.28889,106.90919,lubang_buaya,"{""type"":""Point"",""coordinates"":[106.90919000000001,-6.288889999999999]}"
3_184,0.491,2024-07-03,-6.28889,106.90919,lubang_buaya,"{""type"":""Point"",""coordinates"":[106.90919000000001,-6.288889999999999]}"
3_189,0.101,2024-07-08,-6.28889,106.90919,lubang_buaya,"{""type"":""Point"",""coordinates"":[106.90919000000001,-6.288889999999999]}"
3_192,0.424,2024-07-11,-6.28889,106.90919,lubang_buaya,"{""type"":""Point"",""coordinates"":[106.90919000000001,-6.288889999999999]}"
3_193,0.551,2024-07-12,-6.28889,106.90919,lubang_buaya,"{""type"":""Point"",""coordinates"":[106.90919000000001,-6.288889999999999]}"
3_194,0.452,2024-07-13,-6.28889,106.90919,lubang_buaya,"{""type"":""Point"",""coordinates"":[106.90919000000001,-6.288889999999999]}"
3_195,0.514,2024-07-14,-6.28889,106.90919,lubang_buaya,"{""type"":""Point"",""coordinates"":[106.90919000000001,-6.288889999999999]}"
3_197,0.41500000000000004,2024-07-16,-6.28889,106.90919,lubang_buaya,"{""type"":""Point"",""coordinates"":[106.90919000000001,-6.288889999999999]}"
3_199,0.8300000000000001,2024-07-18,-6.28889,106.90919,lubang_buaya,"{""type"":""Point"",""coordinates"":[106.90919000000001,-6.288889999999999]}"
3_200,0.622,2024-07-19,-6.28889,106.90919,lubang_buaya,"{""type"":""Point"",""coordinates"":[106.90919000000001,-6.288889999999999]}"
3_201,0.384,2024-07-20,-6.28889,106.90919,lubang_buaya,"{""type"":""Point"",""coordinates"":[106.90919000000001,-6.288889999999999]}"
3_202,0.847,2024-07-21,-6.28889,106.90919,lubang_buaya,"{""type"":""Point"",""coordinates"":[106.90919000000001,-6.288889999999999]}"
3_205,0.887,2024-07-24,-6.28889,106.90919,lubang_buaya,"{""type"":""Point"",""coordinates"":[106.90919000000001,-6.288889999999999]}"
3_207,0.972,2024-07-26,-6.28889,106.90919,lubang_buaya,"{""type"":""Point"",""coordinates"":[106.90919000000001,-6.288889999999999]}"
3_209,1.084,2024-07-28,-6.28889,106.90919,lubang_buaya,"{""type"":""Point"",""coordinates"":[106.90919000000001,-6.288889999999999]}"
3_210,0.742,2024-07-29,-6.28889,106.90919,lubang_buaya,"{""type"":""Point"",""coordinates"":[106.90919000000001,-6.288889999999999]}"
3_212,0.632,2024-07-31,-6.28889,106.90919,lubang_buaya,"{""type"":""Point"",""coordinates"":[106.90919000000001,-6.288889999999999]}"
3_214,1.158,2024-08-02,-6.28889,106.90919,lubang_buaya,"{""type"":""Point"",""coordinates"":[106.90919000000001,-6.288889999999999]}"
3_215,0.502,2024-08-03,-6.28889,106.90919,lubang_buaya,"{""type"":""Point"",""coordinates"":[106.90919000000001,-6.288889999999999]}"
3_216,0.35100000000000003,2024-08-04,-6.28889,106.90919,lubang_buaya,"{""type"":""Point"",""coordinates"":[106.90919000000001,-6.288889999999999]}"
3_218,0.372,2024-08-06,-6.28889,106.90919,lubang_buaya,"{""type"":""Point"",""coordinates"":[106.90919000000001,-6.288889999999999]}"
3_219,0.928,2024-08-07,-6.28889,106.90919,lubang_buaya,"{""type"":""Point"",""coordinates"":[106.90919000000001,-6.288889999999999]}"
3_221,0.28800000000000003,2024-08-09,-6.28889,106.90919,lubang_buaya,"{""type"":""Point"",""coordinates"":[106.90919000000001,-6.288889999999999]}"
3_222,0.673,2024-08-10,-6.28889,106.90919,lubang_buaya,"{""type"":""Point"",""coordinates"":[106.90919000000001,-6.288889999999999]}"
3_224,1.01,2024-08-12,-6.28889,106.90919,lubang_buaya,"{""type"":""Point"",""coordinates"":[106.90919000000001,-6.288889999999999]}"
3_226,0.41200000000000003,2024-08-14,-6.28889,106.90919,lubang_buaya,"{""type"":""Point"",""coordinates"":[106.90919000000001,-6.288889999999999]}"
3_227,0.439,2024-08-15,-6.28889,106.90919,lubang_buaya,"{""type"":""Point"",""coordinates"":[106.90919000000001,-6.288889999999999]}"
3_229,0.8310000000000001,2024-08-17,-6.28889,106.90919,lubang_buaya,"{""type"":""Point"",""coordinates"":[106.90919000000001,-6.288889999999999]}"
3_231,0.512,2024-08-19,-6.28889,106.90919,lubang_buaya,"{""type"":""Point"",""coordinates"":[106.90919000000001,-6.288889999999999]}"
3_232,0.7010000000000001,2024-08-20,-6.28889,106.90919,lubang_buaya,"{""type"":""Point"",""coordinates"":[106.90919000000001,-6.288889999999999]}"
3_233,0.793,2024-08-21,-6.28889,106.90919,lubang_buaya,"{""type"":""Point"",""coordinates"":[106.90919000000001,-6.288889999999999]}"
3_236,1.403,2024-08-24,-6.28889,106.90919,lubang_buaya,"{""type"":""Point"",""coordinates"":[106.90919000000001,-6.288889999999999]}"
3_237,0.47700000000000004,2024-08-25,-6.28889,106.90919,lubang_buaya,"{""type"":""Point"",""coordinates"":[106.90919000000001,-6.288889999999999]}"
3_238,0.396,2024-08-26,-6.28889,106.90919,lubang_buaya,"{""type"":""Point"",""coordinates"":[106.90919000000001,-6.288889999999999]}"
3_243,0.47900000000000004,2024-08-31,-6.28889,106.90919,lubang_buaya,"{""type"":""Point"",""coordinates"":[106.90919000000001,-6.288889999999999]}"
3_244,0.677,2024-09-01,-6.28889,106.90919,lubang_buaya,"{""type"":""Point"",""coordinates"":[106.90919000000001,-6.288889999999999]}"
3_245,0.446,2024-09-02,-6.28889,106.90919,lubang_buaya,"{""type"":""Point"",""coordinates"":[106.90919000000001,-6.288889999999999]}"
3_248,0.485,2024-09-05,-6.28889,106.90919,lubang_buaya,"{""type"":""Point"",""coordinates"":[106.90919000000001,-6.288889999999999]}"
3_249,0.548,2024-09-06,-6.28889,106.90919,lubang_buaya,"{""type"":""Point"",""coordinates"":[106.90919000000001,-6.288889999999999]}"
3_250,0.34,2024-09-07,-6.28889,106.90919,lubang_buaya,"{""type"":""Point"",""coordinates"":[106.90919000000001,-6.288889999999999]}"
3_251,0.41000000000000003,2024-09-08,-6.28889,106.90919,lubang_buaya,"{""type"":""Point"",""coordinates"":[106.90919000000001,-6.288889999999999]}"
3_254,0.067,2024-09-11,-6.28889,106.90919,lubang_buaya,"{""type"":""Point"",""coordinates"":[106.90919000000001,-6.288889999999999]}"
3_256,0.514,2024-09-13,-6.28889,106.90919,lubang_buaya,"{""type"":""Point"",""coordinates"":[106.90919000000001,-6.288889999999999]}"
3_258,0.494,2024-09-15,-6.28889,106.90919,lubang_buaya,"{""type"":""Point"",""coordinates"":[106.90919000000001,-6.288889999999999]}"
3_259,0.327,2024-09-16,-6.28889,106.90919,lubang_buaya,"{""type"":""Point"",""coordinates"":[106.90919000000001,-6.288889999999999]}"
3_260,0.1,2024-09-17,-6.28889,106.90919,lubang_buaya,"{""type"":""Point"",""coordinates"":[106.90919000000001,-6.288889999999999]}"
3_261,0.481,2024-09-18,-6.28889,106.90919,lubang_buaya,"{""type"":""Point"",""coordinates"":[106.90919000000001,-6.288889999999999]}"
3_270,0.329,2024-09-27,-6.28889,106.90919,lubang_buaya,"{""type"":""Point"",""coordinates"":[106.90919000000001,-6.288889999999999]}"
3_273,0.545,2024-09-30,-6.28889,106.90919,lubang_buaya,"{""type"":""Point"",""coordinates"":[106.90919000000001,-6.288889999999999]}"
3_277,0.516,2024-10-04,-6.28889,106.90919,lubang_buaya,"{""type"":""Point"",""coordinates"":[106.90919000000001,-6.288889999999999]}"
3_280,0.502,2024-10-07,-6.28889,106.90919,lubang_buaya,"{""type"":""Point"",""coordinates"":[106.90919000000001,-6.288889999999999]}"
3_282,0.583,2024-10-09,-6.28889,106.90919,lubang_buaya,"{""type"":""Point"",""coordinates"":[106.90919000000001,-6.288889999999999]}"
3_290,0.749,2024-10-17,-6.28889,106.90919,lubang_buaya,"{""type"":""Point"",""coordinates"":[106.90919000000001,-6.288889999999999]}"
3_292,0.509,2024-10-19,-6.28889,106.90919,lubang_buaya,"{""type"":""Point"",""coordinates"":[106.90919000000001,-6.288889999999999]}"
3_293,0.042,2024-10-20,-6.28889,106.90919,lubang_buaya,"{""type"":""Point"",""coordinates"":[106.90919000000001,-6.288889999999999]}"
3_295,0.511,2024-10-22,-6.28889,106.90919,lubang_buaya,"{""type"":""Point"",""coordinates"":[106.90919000000001,-6.288889999999999]}"
3_299,0.1,2024-10-26,-6.28889,106.90919,lubang_buaya,"{""type"":""Point"",""coordinates"":[106.90919000000001,-6.288889999999999]}"
3_300,0.499,2024-10-27,-6.28889,106.90919,lubang_buaya,"{""type"":""Point"",""coordinates"":[106.90919000000001,-6.288889999999999]}"
3_306,0.462,2024-11-02,-6.28889,106.90919,lubang_buaya,"{""type"":""Point"",""coordinates"":[106.90919000000001,-6.288889999999999]}"
3_322,0.528,2024-11-18,-6.28889,106.90919,lubang_buaya,"{""type"":""Point"",""coordinates"":[106.90919000000001,-6.288889999999999]}"
3_325,0.466,2024-11-21,-6.28889,106.90919,lubang_buaya,"{""type"":""Point"",""coordinates"":[106.90919000000001,-6.288889999999999]}"
4_8,0.482,2024-01-09,-6.207349,106.753187,kebun_jeruk,"{""type"":""Point"",""coordinates"":[106.753187,-6.207349]}"
4_19,0.135,2024-01-20,-6.207349,106.753187,kebun_jeruk,"{""type"":""Point"",""coordinates"":[106.753187,-6.207349]}"
4_32,0.379,2024-02-02,-6.207349,106.753187,kebun_jeruk,"{""type"":""Point"",""coordinates"":[106.753187,-6.207349]}"
4_38,0.17200000000000001,2024-02-08,-6.207349,106.753187,kebun_jeruk,"{""type"":""Point"",""coordinates"":[106.753187,-6.207349]}"
4_39,0.495,2024-02-09,-6.207349,106.753187,kebun_jeruk,"{""type"":""Point"",""coordinates"":[106.753187,-6.207349]}"
4_50,0.584,2024-02-20,-6.207349,106.753187,kebun_jeruk,"{""type"":""Point"",""coordinates"":[106.753187,-6.207349]}"
4_52,0.19,2024-02-22,-6.207349,106.753187,kebun_jeruk,"{""type"":""Point"",""coordinates"":[106.753187,-6.207349]}"
4_78,0.089,2024-03-19,-6.207349,106.753187,kebun_jeruk,"{""type"":""Point"",""coordinates"":[106.753187,-6.207349]}"
4_79,0.019,2024-03-20,-6.207349,106.753187,kebun_jeruk,"{""type"":""Point"",""coordinates"":[106.753187,-6.207349]}"
4_82,0.422,2024-03-23,-6.207349,106.753187,kebun_jeruk,"{""type"":""Point"",""coordinates"":[106.753187,-6.207349]}"
4_97,0.394,2024-04-07,-6.207349,106.753187,kebun_jeruk,"{""type"":""Point"",""coordinates"":[106.753187,-6.207349]}"
4_98,0.481,2024-04-08,-6.207349,106.753187,kebun_jeruk,"{""type"":""Point"",""coordinates"":[106.753187,-6.207349]}"
4_106,0.5630000000000001,2024-04-16,-6.207349,106.753187,kebun_jeruk,"{""type"":""Point"",""coordinates"":[106.753187,-6.207349]}"
4_116,0.5650000000000001,2024-04-26,-6.207349,106.753187,kebun_jeruk,"{""type"":""Point"",""coordinates"":[106.753187,-6.207349]}"
4_119,0.451,2024-04-29,-6.207349,106.753187,kebun_jeruk,"{""type"":""Point"",""coordinates"":[106.753187,-6.207349]}"
4_126,1.311,2024-05-06,-6.207349,106.753187,kebun_jeruk,"{""type"":""Point"",""coordinates"":[106.753187,-6.207349]}"
4_127,0.875,2024-05-07,-6.207349,106.753187,kebun_jeruk,"{""type"":""Point"",""coordinates"":[106.753187,-6.207349]}"
4_128,1.455,2024-05-08,-6.207349,106.753187,kebun_jeruk,"{""type"":""Point"",""coordinates"":[106.753187,-6.207349]}"
4_131,0.874,2024-05-11,-6.207349,106.753187,kebun_jeruk,"{""type"":""Point"",""coordinates"":[106.753187,-6.207349]}"
4_132,0.561,2024-05-12,-6.207349,106.753187,kebun_jeruk,"{""type"":""Point"",""coordinates"":[106.753187,-6.207349]}"
4_141,1.651,2024-05-21,-6.207349,106.753187,kebun_jeruk,"{""type"":""Point"",""coordinates"":[106.753187,-6.207349]}"
4_147,0.493,2024-05-27,-6.207349,106.753187,kebun_jeruk,"{""type"":""Point"",""coordinates"":[106.753187,-6.207349]}"
4_157,0.8190000000000001,2024-06-06,-6.207349,106.753187,kebun_jeruk,"{""type"":""Point"",""coordinates"":[106.753187,-6.207349]}"
4_158,0.652,2024-06-07,-6.207349,106.753187,kebun_jeruk,"{""type"":""Point"",""coordinates"":[106.753187,-6.207349]}"
4_159,0.547,2024-06-08,-6.207349,106.753187,kebun_jeruk,"{""type"":""Point"",""coordinates"":[106.753187,-6.207349]}"
4_172,0.553,2024-06-21,-6.207349,106.753187,kebun_jeruk,"{""type"":""Point"",""coordinates"":[106.753187,-6.207349]}"
4_177,0.28300000000000003,2024-06-26,-6.207349,106.753187,kebun_jeruk,"{""type"":""Point"",""coordinates"":[106.753187,-6.207349]}"
4_181,0.36,2024-06-30,-6.207349,106.753187,kebun_jeruk,"{""type"":""Point"",""coordinates"":[106.753187,-6.207349]}"
4_184,0.554,2024-07-03,-6.207349,106.753187,kebun_jeruk,"{""type"":""Point"",""coordinates"":[106.753187,-6.207349]}"
4_189,0.187,2024-07-08,-6.207349,106.753187,kebun_jeruk,"{""type"":""Point"",""coordinates"":[106.753187,-6.207349]}"
4_192,0.623,2024-07-11,-6.207349,106.753187,kebun_jeruk,"{""type"":""Point"",""coordinates"":[106.753187,-6.207349]}"
4_193,0.679,2024-07-12,-6.207349,106.753187,kebun_jeruk,"{""type"":""Point"",""coordinates"":[106.753187,-6.207349]}"
4_194,0.432,2024-07-13,-6.207349,106.753187,kebun_jeruk,"{""type"":""Point"",""coordinates"":[106.753187,-6.207349]}"
4_195,0.505,2024-07-14,-6.207349,106.753187,kebun_jeruk,"{""type"":""Point"",""coordinates"":[106.753187,-6.207349]}"
4_197,0.456,2024-07-16,-6.207349,106.753187,kebun_jeruk,"{""type"":""Point"",""coordinates"":[106.753187,-6.207349]}"
4_198,0.507,2024-07-17,-6.207349,106.753187,kebun_jeruk,"{""type"":""Point"",""coordinates"":[106.753187,-6.207349]}"
4_201,0.46900000000000003,2024-07-20,-6.207349,106.753187,kebun_jeruk,"{""type"":""Point"",""coordinates"":[106.753187,-6.207349]}"
4_202,0.71,2024-07-21,-6.207349,106.753187,kebun_jeruk,"{""type"":""Point"",""coordinates"":[106.753187,-6.207349]}"
4_205,0.8150000000000001,2024-07-24,-6.207349,106.753187,kebun_jeruk,"{""type"":""Point"",""coordinates"":[106.753187,-6.207349]}"
4_209,1.105,2024-07-28,-6.207349,106.753187,kebun_jeruk,"{""type"":""Point"",""coordinates"":[106.753187,-6.207349]}"
4_210,0.8,2024-07-29,-6.207349,106.753187,kebun_jeruk,"{""type"":""Point"",""coordinates"":[106.753187,-6.207349]}"
4_212,0.585,2024-07-31,-6.207349,106.753187,kebun_jeruk,"{""type"":""Point"",""coordinates"":[106.753187,-6.207349]}"
4_214,0.794,2024-08-02,-6.207349,106.753187,kebun_jeruk,"{""type"":""Point"",""coordinates"":[106.753187,-6.207349]}"
4_216,0.357,2024-08-04,-6.207349,106.753187,kebun_jeruk,"{""type"":""Point"",""coordinates"":[106.753187,-6.207349]}"
4_218,0.484,2024-08-06,-6.207349,106.753187,kebun_jeruk,"{""type"":""Point"",""coordinates"":[106.753187,-6.207349]}"
4_219,1.0070000000000001,2024-08-07,-6.207349,106.753187,kebun_jeruk,"{""type"":""Point"",""coordinates"":[106.753187,-6.207349]}"
4_221,0.434,2024-08-09,-6.207349,106.753187,kebun_jeruk,"{""type"":""Point"",""coordinates"":[106.753187,-6.207349]}"
4_222,0.704,2024-08-10,-6.207349,106.753187,kebun_jeruk,"{""type"":""Point"",""coordinates"":[106.753187,-6.207349]}"
4_224,0.8190000000000001,2024-08-12,-6.207349,106.753187,kebun_jeruk,"{""type"":""Point"",""coordinates"":[106.753187,-6.207349]}"
4_226,0.406,2024-08-14,-6.207349,106.753187,kebun_jeruk,"{""type"":""Point"",""coordinates"":[106.753187,-6.207349]}"
4_227,0.616,2024-08-15,-6.207349,106.753187,kebun_jeruk,"{""type"":""Point"",""coordinates"":[106.753187,-6.207349]}"
4_231,0.509,2024-08-19,-6.207349,106.753187,kebun_jeruk,"{""type"":""Point"",""coordinates"":[106.753187,-6.207349]}"
4_232,1.108,2024-08-20,-6.207349,106.753187,kebun_jeruk,"{""type"":""Point"",""coordinates"":[106.753187,-6.207349]}"
4_233,0.7010000000000001,2024-08-21,-6.207349,106.753187,kebun_jeruk,"{""type"":""Point"",""coordinates"":[106.753187,-6.207349]}"
4_235,1.205,2024-08-23,-6.207349,106.753187,kebun_jeruk,"{""type"":""Point"",""coordinates"":[106.753187,-6.207349]}"
4_236,1.227,2024-08-24,-6.207349,106.753187,kebun_jeruk,"{""type"":""Point"",""coordinates"":[106.753187,-6.207349]}"
4_237,0.561,2024-08-25,-6.207349,106.753187,kebun_jeruk,"{""type"":""Point"",""coordinates"":[106.753187,-6.207349]}"
4_238,0.518,2024-08-26,-6.207349,106.753187,kebun_jeruk,"{""type"":""Point"",""coordinates"":[106.753187,-6.207349]}"
4_241,0.729,2024-08-29,-6.207349,106.753187,kebun_jeruk,"{""type"":""Point"",""coordinates"":[106.753187,-6.207349]}"
4_243,0.4,2024-08-31,-6.207349,106.753187,kebun_jeruk,"{""type"":""Point"",""coordinates"":[106.753187,-6.207349]}"
4_244,0.402,2024-09-01,-6.207349,106.753187,kebun_jeruk,"{""type"":""Point"",""coordinates"":[106.753187,-6.207349]}"
4_245,1.1500000000000001,2024-09-02,-6.207349,106.753187,kebun_jeruk,"{""type"":""Point"",""coordinates"":[106.753187,-6.207349]}"
4_248,0.422,2024-09-05,-6.207349,106.753187,kebun_jeruk,"{""type"":""Point"",""coordinates"":[106.753187,-6.207349]}"
4_249,0.47800000000000004,2024-09-06,-6.207349,106.753187,kebun_jeruk,"{""type"":""Point"",""coordinates"":[106.753187,-6.207349]}"
4_250,0.339,2024-09-07,-6.207349,106.753187,kebun_jeruk,"{""type"":""Point"",""coordinates"":[106.753187,-6.207349]}"
4_251,0.463,2024-09-08,-6.207349,106.753187,kebun_jeruk,"{""type"":""Point"",""coordinates"":[106.753187,-6.207349]}"
4_254,0.032,2024-09-11,-6.207349,106.753187,kebun_jeruk,"{""type"":""Point"",""coordinates"":[106.753187,-6.207349]}"
4_256,0.599,2024-09-13,-6.207349,106.753187,kebun_jeruk,"{""type"":""Point"",""coordinates"":[106.753187,-6.207349]}"
4_258,0.538,2024-09-15,-6.207349,106.753187,kebun_jeruk,"{""type"":""Point"",""coordinates"":[106.753187,-6.207349]}"
4_259,0.493,2024-09-16,-6.207349,106.753187,kebun_jeruk,"{""type"":""Point"",""coordinates"":[106.753187,-6.207349]}"
4_260,0.146,2024-09-17,-6.207349,106.753187,kebun_jeruk,"{""type"":""Point"",""coordinates"":[106.753187,-6.207349]}"
4_261,0.542,2024-09-18,-6.207349,106.753187,kebun_jeruk,"{""type"":""Point"",""coordinates"":[106.753187,-6.207349]}"
4_262,0.913,2024-09-19,-6.207349,106.753187,kebun_jeruk,"{""type"":""Point"",""coordinates"":[106.753187,-6.207349]}"
4_263,0.538,2024-09-20,-6.207349,106.753187,kebun_jeruk,"{""type"":""Point"",""coordinates"":[106.753187,-6.207349]}"
4_268,0.37,2024-09-25,-6.207349,106.753187,kebun_jeruk,"{""type"":""Point"",""coordinates"":[106.753187,-6.207349]}"
4_270,0.32,2024-09-27,-6.207349,106.753187,kebun_jeruk,"{""type"":""Point"",""coordinates"":[106.753187,-6.207349]}"
4_273,0.037,2024-09-30,-6.207349,106.753187,kebun_jeruk,"{""type"":""Point"",""coordinates"":[106.753187,-6.207349]}"
4_277,0.604,2024-10-04,-6.207349,106.753187,kebun_jeruk,"{""type"":""Point"",""coordinates"":[106.753187,-6.207349]}"
4_280,0.5650000000000001,2024-10-07,-6.207349,106.753187,kebun_jeruk,"{""type"":""Point"",""coordinates"":[106.753187,-6.207349]}"
4_282,0.583,2024-10-09,-6.207349,106.753187,kebun_jeruk,"{""type"":""Point"",""coordinates"":[106.753187,-6.207349]}"
4_290,0.654,2024-10-17,-6.207349,106.753187,kebun_jeruk,"{""type"":""Point"",""coordinates"":[106.753187,-6.207349]}"
4_292,0.494,2024-10-19,-6.207349,106.753187,kebun_jeruk,"{""type"":""Point"",""coordinates"":[106.753187,-6.207349]}"
4_293,0.04,2024-10-20,-6.207349,106.753187,kebun_jeruk,"{""type"":""Point"",""coordinates"":[106.753187,-6.207349]}"
4_294,0.667,2024-10-21,-6.207349,106.753187,kebun_jeruk,"{""type"":""Point"",""coordinates"":[106.753187,-6.207349]}"
4_295,0.23600000000000002,2024-10-22,-6.207349,106.753187,kebun_jeruk,"{""type"":""Point"",""coordinates"":[106.753187,-6.207349]}"
4_298,0.559,2024-10-25,-6.207349,106.753187,kebun_jeruk,"{""type"":""Point"",""coordinates"":[106.753187,-6.207349]}"
4_299,0.242,2024-10-26,-6.207349,106.753187,kebun_jeruk,"{""type"":""Point"",""coordinates"":[106.753187,-6.207349]}"
4_300,0.29,2024-10-27,-6.207349,106.753187,kebun_jeruk,"{""type"":""Point"",""coordinates"":[106.753187,-6.207349]}"
4_302,0.858,2024-10-29,-6.207349,106.753187,kebun_jeruk,"{""type"":""Point"",""coordinates"":[106.753187,-6.207349]}"
4_303,0.561,2024-10-30,-6.207349,106.753187,kebun_jeruk,"{""type"":""Point"",""coordinates"":[106.753187,-6.207349]}"
4_306,0.508,2024-11-02,-6.207349,106.753187,kebun_jeruk,"{""type"":""Point"",""coordinates"":[106.753187,-6.207349]}"
4_310,0.359,2024-11-06,-6.207349,106.753187,kebun_jeruk,"{""type"":""Point"",""coordinates"":[106.753187,-6.207349]}"
4_312,0.637,2024-11-08,-6.207349,106.753187,kebun_jeruk,"{""type"":""Point"",""coordinates"":[106.753187,-6.207349]}"
4_324,0.456,2024-11-20,-6.207349,106.753187,kebun_jeruk,"{""type"":""Point"",""coordinates"":[106.753187,-6.207349]}"
4_354,0.491,2024-12-20,-6.207349,106.753187,kebun_jeruk,"{""type"":""Point"",""coordinates"":[106.753187,-6.207349]}"
